website;name;addresszip
http://repsources.com;tola sales group;78229
https://www.cricketwireless.com;cricket wireless authorized retailer;77009
http://stpaulradiology.com;saint paul radiology;55109
https://www.pizzahut.com;pizza hut;44667
http://falklandnews.com;absolute sex;44276
http://memorials.pro;davydov memorial group;11379
http://freescale.com;nxp semiconductor inc;48377
https://silentpartnerpi.com;silent partner pi;30326
http://teaworldone.com;tea world;32780
http://epicboardshop.com;epicboardshop;84101
http://gracemiddletown.org;grace evangelical lutheran chr;06457
http://usps.com;us post office;57761
http://figtreemanor.com;fig tree manor bed breakfast;75801
http://ponderosaseptichvac.com;ponderosa septic & grease;78363
http://motorsport-coatings.com;tim dieball;53115
http://allunderoneroof.info;all under one roof;01841
http://snellingandsnelling.com;snelling & snelling;65804
http://advantek.com;advantek taping systems;83705
http://jcfinternational.com;jcf international aircraft;60046
http://lawhorncarinsurance.com;lawhorn & assoc insurance;37412
http://www.performancesignsofathens.com;vandyke jacqueline l;45701
http://www.stjohnprovidence.org;st john providence health syst;48021
http://www.redbox.com/locations/pennsylvania/lancaster/17602/16738;redbox;17602